Partícula,Esquerda,Direita,Porcentagem_Esquerda,Porcentagem_Direita
1,1,0,100.000000%,0.000000%
2,1,1,50.000000%,50.000000%
3,2,1,66.666667%,33.333333%
4,3,1,75.000000%,25.000000%
5,4,1,80.000000%,20.000000%
6,5,1,83.333333%,16.666667%
7,6,1,85.714286%,14.285714%
8,6,2,75.000000%,25.000000%
9,6,3,66.666667%,33.333333%
10,7,3,70.000000%,30.000000%
